dv,model,condition,estimate,std.error,statistic,p.value,conf.low,conf.high
"Genocide classification
(binary)",No controls,Killing — hundreds,0.17648645860610623,0.03641942643225014,4.845942835876841,1.3374948128648928e-6,0.10507100825661388,0.2479019089555986
"Genocide classification
(binary)",No controls,Killing — tens of thousands,0.11699637362027043,0.03628772816307679,3.224130568176921,0.0012798821667827347,0.04583917256585579,0.18815357467468508
"Genocide classification
(binary)",No controls,Sexual violence — hundreds,0.17366157730697857,0.03636429751930276,4.775606546910364,1.895513999926153e-6,0.10235423014666574,0.2449689244672914
"Genocide classification
(binary)",No controls,Sexual violence — tens of thousands,0.21650649209960393,0.03610979985226815,5.995782114145521,2.3189348033912038e-9,0.14569819358680294,0.28731479061240495
"Genocide classification
(binary)",No controls,Infrastructure — hundreds,0.37836673130791104,0.03451090804763599,10.96368518572867,2.3822382545259482e-27,0.310693725946976,0.4460397366688461
"Genocide classification
(binary)",No controls,Infrastructure — tens of thousands,0.2947883378703593,0.035803359115498146,8.233538560429508,2.897093518221195e-16,0.22458094402206674,0.36499573171865185
"Genocide classification
(binary)",With controls,Killing — hundreds,0.17924108460150753,0.036608686215029815,4.89613540209262,1.040375707732521e-6,0.10745425784248598,0.2510279113605291
"Genocide classification
(binary)",With controls,Killing — tens of thousands,0.11622810283254037,0.036470991054749484,3.186864394720209,0.0014561700597250048,0.044711285725286695,0.18774491993979403
"Genocide classification
(binary)",With controls,Sexual violence — hundreds,0.17390662790741473,0.03643297175310311,4.77333084673782,1.917651238204873e-6,0.10246436373562441,0.24534889207920507
"Genocide classification
(binary)",With controls,Sexual violence — tens of thousands,0.21813410141955783,0.03633129997216071,6.004026874532584,2.2078940734638015e-9,0.14689120781468495,0.2893769950244307
"Genocide classification
(binary)",With controls,Infrastructure — hundreds,0.38008446025043086,0.0344876930667477,11.020872272170047,1.3150648883743703e-27,0.31245673843165406,0.44771218206920765
"Genocide classification
(binary)",With controls,Infrastructure — tens of thousands,0.2944088223557719,0.03594556483754814,8.190407458787165,4.1239036385369194e-16,0.22392232577428994,0.3648953189372539
"Genocide fit
(1–7 scale)",No controls,Killing — hundreds,0.4756032724704663,0.09505449291347341,5.003480192181977,6.022896144913208e-7,0.28920935899721334,0.6619971859437193
"Genocide fit
(1–7 scale)",No controls,Killing — tens of thousands,0.2603058220455364,0.09044133164431052,2.878173256772383,0.004033916622560915,0.08295793213295016,0.4376537119581226
"Genocide fit
(1–7 scale)",No controls,Sexual violence — hundreds,0.4082928946226392,0.08831714886877076,4.623030746036831,3.974682760865757e-6,0.23511034953836893,0.5814754397069094
"Genocide fit
(1–7 scale)",No controls,Sexual violence — tens of thousands,0.5943095470232369,0.08867867067905844,6.701831934018648,2.53621107660415e-11,0.4204180878944007,0.7682010061520731
"Genocide fit
(1–7 scale)",No controls,Infrastructure — hundreds,0.970318896789495,0.09048429127395732,10.723617139815811,2.9216251312381537e-26,0.7928867666348561,1.147751026944134
"Genocide fit
(1–7 scale)",No controls,Infrastructure — tens of thousands,0.8026590918057404,0.09125551736733581,8.795732192002736,2.598653955754985e-18,0.6237146517611485,0.9816035318503322
"Genocide fit
(1–7 scale)",With controls,Killing — hundreds,0.4869278356608864,0.09542271528769455,5.102850345358798,3.599840629982049e-7,0.29981120735585753,0.6740444639659152
"Genocide fit
(1–7 scale)",With controls,Killing — tens of thousands,0.24825606513040155,0.09025960704840552,2.750466939184255,0.005994352321575174,0.07126389621008972,0.4252482340507134
"Genocide fit
(1–7 scale)",With controls,Sexual violence — hundreds,0.40391705587332516,0.08753370086102862,4.614417668854161,4.143129342954625e-6,0.23227017998224617,0.5755639317644041
"Genocide fit
(1–7 scale)",With controls,Sexual violence — tens of thousands,0.6120065012137453,0.08884846671512098,6.888205546372011,7.139915018029648e-12,0.43778147029022335,0.7862315321372673
"Genocide fit
(1–7 scale)",With controls,Infrastructure — hundreds,0.9761018673910994,0.08943721501834505,10.913822251630764,4.065991354301739e-27,0.8007223461862282,1.1514813885959705
"Genocide fit
(1–7 scale)",With controls,Infrastructure — tens of thousands,0.8029870325950187,0.09094203104821305,8.829658006750629,1.946005039083691e-18,0.6246566825347819,0.9813173826552555
"Support for
international action",No controls,Killing — hundreds,0.043030529861520055,0.018205022617588728,2.363662532335787,0.01818431263804232,0.007329120647518776,0.07873193907552134
"Support for
international action",No controls,Killing — tens of thousands,0.024419531374529548,0.019610158233021154,1.2452490736872275,0.21317673298193884,-0.014037453740775661,0.06287651648983475
"Support for
international action",No controls,Sexual violence — hundreds,-0.011232309671644071,0.022237286639296226,-0.5051115207462,0.6135325959511448,-0.054841289830313646,0.032376670487025506
"Support for
international action",No controls,Sexual violence — tens of thousands,-0.009025014987191798,0.021951755125525236,-0.41112954001102264,0.68101877402749,-0.05207404651900372,0.034024016544620124
"Support for
international action",No controls,Infrastructure — hundreds,0.01706828396599437,0.020210499332686864,0.8445255945947598,0.39847030017474305,-0.022566014889445478,0.05670258282143422
"Support for
international action",No controls,Infrastructure — tens of thousands,0.029121725731896166,0.01967190420751288,1.480371469111481,0.13892154753182157,-0.009456347851627512,0.06769979931541985
"Support for
international action",With controls,Killing — hundreds,0.0423981436264263,0.017919581137926327,2.3660231397201428,0.01806980176380047,0.007256346782514529,0.07753994047033808
"Support for
international action",With controls,Killing — tens of thousands,0.024529548794463896,0.019215952743342705,1.2765200415556843,0.2019115602554529,-0.013154541155581824,0.062213638744509615
"Support for
international action",With controls,Sexual violence — hundreds,-0.014984866882244818,0.02216816713630467,-0.6759632760844804,0.4991376919848123,-0.058458496087623116,0.02848876232313348
"Support for
international action",With controls,Sexual violence — tens of thousands,-0.010403778160730237,0.021705877649172246,-0.4793069568014904,0.6317697107647586,-0.05297081903043029,0.03216326270896982
"Support for
international action",With controls,Infrastructure — hundreds,0.016638145955493566,0.02010880030634729,0.8274061953980307,0.40809999313637924,-0.022796892715406004,0.05607318462639314
"Support for
international action",With controls,Infrastructure — tens of thousands,0.025963945261475996,0.019519737013556037,1.3301380670981682,0.1836158594485551,-0.01231589104145843,0.06424378156441042
Preferred: Diplomatic,No controls,Killing — hundreds,2.2218519135700724e-4,0.010450666157718693,0.021260385510726974,0.9830396465514214,-0.02027069740508007,0.020715067787794084
Preferred: Diplomatic,No controls,Killing — tens of thousands,-0.00827639837804812,0.009264182272560687,-0.8933760298047831,0.37174209990562945,-0.02644268527291365,0.00988988851681741
Preferred: Diplomatic,No controls,Sexual violence — hundreds,-0.0027064346865507093,0.01004666090854174,-0.2693864868326231,0.7876545863004107,-0.022407096766632217,0.0169942273935308
Preferred: Diplomatic,No controls,Sexual violence — tens of thousands,0.019066190011916343,0.01252938033771315,1.5217185126488293,0.12820649940958218,-0.005502877298421728,0.043635257322254414
Preferred: Diplomatic,No controls,Infrastructure — hundreds,0.002370178840767007,0.01064016402912091,0.22275773515146,0.8237423196953341,-0.018494293238322537,0.023234650919856555
Preferred: Diplomatic,No controls,Infrastructure — tens of thousands,0.002927368130350808,0.010780652613445806,0.27153904641169374,0.7859989645980685,-0.01821259031690517,0.02406732657760679
Preferred: Diplomatic,With controls,Killing — hundreds,-5.021246973206175e-4,0.0105309592719929,-0.047680812768502376,0.9619744744281754,-0.021152528386336213,0.020148278991694978
Preferred: Diplomatic,With controls,Killing — tens of thousands,-0.008565429749186271,0.009313085405734297,-0.91971987542520806,0.35780882743128617,-0.02682767616487277,0.009696816666500227
Preferred: Diplomatic,With controls,Sexual violence — hundreds,-0.005941654267366002,0.009725265723695201,-0.6109503263123609,0.5412885910480925,-0.02501215468335011,0.013128846148618107
Preferred: Diplomatic,With controls,Sexual violence — tens of thousands,0.01802236653475116,0.012607628733662073,1.4294810638444535,0.15299227131725457,-0.006700226743504359,0.04274495981300668
Preferred: Diplomatic,With controls,Infrastructure — hundreds,0.0018118448694050848,0.010644815262504367,0.17020914170179957,0.8648595798248292,-0.01906182168728938,0.022685511426099553
Preferred: Diplomatic,With controls,Infrastructure — tens of thousands,0.0028375370900091774,0.01083684219518611,0.26184169141723357,0.7934652925118896,-0.018412679558336243,0.0240877537383546
Preferred: Economic sanctions,No controls,Killing — hundreds,-0.002705898223312017,0.0074201844921187,-0.36466724327219474,0.7153907554268452,-0.017256259640089436,0.011844463193465403
Preferred: Economic sanctions,No controls,Killing — tens of thousands,1.2696296648971814e-4,0.00793394283427381,0.01600250583370116,0.987233673599186,-0.015430835605951574,0.01568476153893101
Preferred: Economic sanctions,No controls,Sexual violence — hundreds,0.01133072947488859,0.009661513674890295,1.1727695945135894,0.2410003052907147,-0.007614691080638799,0.030276150030415977
Preferred: Economic sanctions,No controls,Sexual violence — tens of thousands,-1.5475803581101438e-4,0.007835244588430743,-0.019751525822119816,0.9842431683520623,-0.015519017599923888,0.01520950152830186
Preferred: Economic sanctions,No controls,Infrastructure — hundreds,0.0052790346907993745,0.008705243013637738,0.6064201404290697,0.5442910341895135,-0.01179121904801824,0.02234928842961699
Preferred: Economic sanctions,No controls,Infrastructure — tens of thousands,6.312384108569686e-5,0.007911471117109386,0.007978774130791545,0.9936345654979517,-0.015450609572767523,0.015576857254938918
Preferred: Economic sanctions,With controls,Killing — hundreds,-0.0028883814973691075,0.007518097176558404,-0.38419049787958925,0.7008702778672264,-0.017630793623306353,0.01185403062856814
Preferred: Economic sanctions,With controls,Killing — tens of thousands,-1.2440472627061033e-5,0.007983353037042385,-0.0015583017022218384,0.9987567812688836,-0.015667183668272865,0.015642302723018742
Preferred: Economic sanctions,With controls,Sexual violence — hundreds,0.00833503246681285,0.009337889130652095,0.8926034942364739,0.3721563581199583,-0.009975852151654098,0.026645917085279795
Preferred: Economic sanctions,With controls,Sexual violence — tens of thousands,-7.15918591190463e-4,0.007912913147321841,-0.09047471871124589,0.9279173070951361,-0.01623253456395283,0.014800697381571902
Preferred: Economic sanctions,With controls,Infrastructure — hundreds,0.0051164052654201,0.008794328251843182,0.5817846592601049,0.5607647444020885,-0.012128598146306985,0.022361408677147185
Preferred: Economic sanctions,With controls,Infrastructure — tens of thousands,4.0924738857818586e-5,0.00795603092284047,0.005143863724854352,0.9958962233688022,-0.015560241885714593,0.01564209136343023
Preferred: Humanitarian,No controls,Killing — hundreds,-0.024765713650899558,0.016658755784090703,-1.4866484611384416,0.13723418533027146,-0.05743214097084086,0.007900713669041742
Preferred: Humanitarian,No controls,Killing — tens of thousands,-0.01626713008149447,0.01730715398418948,-0.939907861012556,0.34735591892443063,-0.05020501206182135,0.01767075189883241
Preferred: Humanitarian,No controls,Sexual violence — hundreds,3.62962086242688e-4,0.01845192400926718,0.019670690496036956,0.9843076466085469,-0.03581971820356906,0.036545642376054434
Preferred: Humanitarian,No controls,Sexual violence — tens of thousands,-0.006414720584366241,0.017907690243687983,-0.3582103831970888,0.7202162172865028,-0.04153020396110906,0.02870076279237658
Preferred: Humanitarian,No controls,Infrastructure — hundreds,0.01799181210945918,0.019433094894561204,0.9258335950643971,0.3546221138779795,-0.020114862254598444,0.056098486473516805
Preferred: Humanitarian,No controls,Infrastructure — tens of thousands,-0.013721544956010554,0.017472316538494195,-0.7853306071796424,0.43233441104126547,-0.04798329689674129,0.020540206984720175
Preferred: Humanitarian,With controls,Killing — hundreds,-0.021627619908868006,0.016731890172908843,-1.2925987252705018,0.196270586749582,-0.05443757364876635,0.011182333831030334
Preferred: Humanitarian,With controls,Killing — tens of thousands,-0.016349290663067957,0.01737376797805454,-0.9410330956255064,0.34677977194536513,-0.05041791756396975,0.017719336237833838
Preferred: Humanitarian,With controls,Sexual violence — hundreds,-0.002231921001383884,0.018256994224898383,-0.12225018937345403,0.9027108081214494,-0.03803248685247857,0.0335686448497108
Preferred: Humanitarian,With controls,Sexual violence — tens of thousands,-0.0053141445962641976,0.017838449521409817,-0.29790395123108254,0.7658014864888019,-0.04029397637501995,0.029665687182491553
Preferred: Humanitarian,With controls,Infrastructure — hundreds,0.019347199231608145,0.01944611331118169,0.9949134267608803,0.31987566893872105,-0.018785137974007854,0.057479536437224144
Preferred: Humanitarian,With controls,Infrastructure — tens of thousands,-0.01348499249077665,0.017534825969972547,-0.7690405661207576,0.44194263871547734,-0.04786944176498249,0.020899456783429193
